{
    "step": 0,
    "train": {
        "loss": 11.747970581054688,
        "sparse_categorical_accuracy": 0.1484375
    },
    "eval": {
        "loss": 8.956660270690918,
        "sparse_categorical_accuracy": 0.1953125
    }
}