{"loss": 9.842839241027832, "sparse_categorical_accuracy": 0.1328125}